{
  "HTTP Request GET_All" : {
    "transaction" : "HTTP Request GET_All",
    "sampleCount" : 100,
    "errorCount" : 0,
    "errorPct" : 0.0,
    "meanResTime" : 1445.8600000000004,
    "medianResTime" : 1561.0,
    "minResTime" : 559.0,
    "maxResTime" : 1789.0,
    "pct1ResTime" : 1728.6000000000001,
    "pct2ResTime" : 1760.95,
    "pct3ResTime" : 1788.85,
    "throughput" : 39.69829297340215,
    "receivedKBytesPerSec" : 17.51028123759428,
    "sentKBytesPerSec" : 4.923518757443429
  },
  "HTTP Request_POST" : {
    "transaction" : "HTTP Request_POST",
    "sampleCount" : 100,
    "errorCount" : 0,
    "errorPct" : 0.0,
    "meanResTime" : 95.77999999999999,
    "medianResTime" : 67.0,
    "minResTime" : 11.0,
    "maxResTime" : 419.0,
    "pct1ResTime" : 209.70000000000002,
    "pct2ResTime" : 383.4999999999983,
    "pct3ResTime" : 418.99,
    "throughput" : 43.975373790677224,
    "receivedKBytesPerSec" : 11.960099219437115,
    "sentKBytesPerSec" : 9.6625577176781
  },
  "Total" : {
    "transaction" : "Total",
    "sampleCount" : 500,
    "errorCount" : 0,
    "errorPct" : 0.0,
    "meanResTime" : 351.52599999999984,
    "medianResTime" : 84.0,
    "minResTime" : 9.0,
    "maxResTime" : 1789.0,
    "pct1ResTime" : 1562.6000000000001,
    "pct2ResTime" : 1643.9,
    "pct3ResTime" : 1760.99,
    "throughput" : 158.78056525881232,
    "receivedKBytesPerSec" : 48.64732603604319,
    "sentKBytesPerSec" : 28.56189464909495
  },
  "HTTP_Delete_by_ID" : {
    "transaction" : "HTTP_Delete_by_ID",
    "sampleCount" : 100,
    "errorCount" : 0,
    "errorPct" : 0.0,
    "meanResTime" : 58.989999999999995,
    "medianResTime" : 53.5,
    "minResTime" : 11.0,
    "maxResTime" : 134.0,
    "pct1ResTime" : 110.60000000000002,
    "pct2ResTime" : 123.89999999999998,
    "pct3ResTime" : 133.90999999999997,
    "throughput" : 49.529470034670624,
    "receivedKBytesPerSec" : 14.17200656265478,
    "sentKBytesPerSec" : 10.375069650817236
  },
  "HTTP Request_PUT" : {
    "transaction" : "HTTP Request_PUT",
    "sampleCount" : 100,
    "errorCount" : 0,
    "errorPct" : 0.0,
    "meanResTime" : 80.61,
    "medianResTime" : 71.0,
    "minResTime" : 9.0,
    "maxResTime" : 251.0,
    "pct1ResTime" : 181.0,
    "pct2ResTime" : 200.84999999999997,
    "pct3ResTime" : 250.93999999999997,
    "throughput" : 46.68534080298786,
    "receivedKBytesPerSec" : 12.42358922735761,
    "sentKBytesPerSec" : 10.32639618347339
  },
  "HTTP Request GET_by_ID" : {
    "transaction" : "HTTP Request GET_by_ID",
    "sampleCount" : 100,
    "errorCount" : 0,
    "errorPct" : 0.0,
    "meanResTime" : 76.39,
    "medianResTime" : 64.0,
    "minResTime" : 15.0,
    "maxResTime" : 490.0,
    "pct1ResTime" : 126.80000000000001,
    "pct2ResTime" : 151.5499999999999,
    "pct3ResTime" : 489.13999999999953,
    "throughput" : 48.16955684007707,
    "receivedKBytesPerSec" : 12.842079118497109,
    "sentKBytesPerSec" : 6.021194605009634
  }
}