{
  "HTTP Request GET_All" : {
    "transaction" : "HTTP Request GET_All",
    "sampleCount" : 2000,
    "errorCount" : 79,
    "errorPct" : 3.95,
    "meanResTime" : 4583.373999999998,
    "medianResTime" : 467.5,
    "minResTime" : 3.0,
    "maxResTime" : 30147.0,
    "pct1ResTime" : 12056.9,
    "pct2ResTime" : 12424.95,
    "pct3ResTime" : 30121.0,
    "throughput" : 60.9570252971655,
    "receivedKBytesPerSec" : 62.576940385934165,
    "sentKBytesPerSec" : 7.261475874352331
  },
  "HTTP Request_POST" : {
    "transaction" : "HTTP Request_POST",
    "sampleCount" : 2000,
    "errorCount" : 0,
    "errorPct" : 0.0,
    "meanResTime" : 142.7290000000001,
    "medianResTime" : 27.0,
    "minResTime" : 2.0,
    "maxResTime" : 757.0,
    "pct1ResTime" : 398.9000000000001,
    "pct2ResTime" : 436.0,
    "pct3ResTime" : 581.0,
    "throughput" : 61.09481915933529,
    "receivedKBytesPerSec" : 16.62438356282075,
    "sentKBytesPerSec" : 13.424154600439884
  },
  "Total" : {
    "transaction" : "Total",
    "sampleCount" : 10000,
    "errorCount" : 79,
    "errorPct" : 0.79,
    "meanResTime" : 1042.5924999999988,
    "medianResTime" : 43.5,
    "minResTime" : 2.0,
    "maxResTime" : 30147.0,
    "pct1ResTime" : 871.8999999999996,
    "pct2ResTime" : 8569.749999999995,
    "pct3ResTime" : 12424.99,
    "throughput" : 304.66441215001674,
    "receivedKBytesPerSec" : 129.03546460370777,
    "sentKBytesPerSec" : 54.521868478277426
  },
  "HTTP_Delete_by_ID" : {
    "transaction" : "HTTP_Delete_by_ID",
    "sampleCount" : 2000,
    "errorCount" : 0,
    "errorPct" : 0.0,
    "meanResTime" : 136.69900000000015,
    "medianResTime" : 20.0,
    "minResTime" : 3.0,
    "maxResTime" : 760.0,
    "pct1ResTime" : 353.0,
    "pct2ResTime" : 408.0,
    "pct3ResTime" : 474.0,
    "throughput" : 61.1321677466683,
    "receivedKBytesPerSec" : 17.491919091575987,
    "sentKBytesPerSec" : 12.813785924700452
  },
  "HTTP Request_PUT" : {
    "transaction" : "HTTP Request_PUT",
    "sampleCount" : 2000,
    "errorCount" : 0,
    "errorPct" : 0.0,
    "meanResTime" : 139.56349999999992,
    "medianResTime" : 23.0,
    "minResTime" : 2.0,
    "maxResTime" : 762.0,
    "pct1ResTime" : 333.9000000000001,
    "pct2ResTime" : 402.0999999999967,
    "pct3ResTime" : 475.99,
    "throughput" : 61.1153552330023,
    "receivedKBytesPerSec" : 16.271873806340718,
    "sentKBytesPerSec" : 13.526457457983193
  },
  "HTTP Request GET_by_ID" : {
    "transaction" : "HTTP Request GET_by_ID",
    "sampleCount" : 2000,
    "errorCount" : 0,
    "errorPct" : 0.0,
    "meanResTime" : 210.5970000000003,
    "medianResTime" : 37.0,
    "minResTime" : 2.0,
    "maxResTime" : 1084.0,
    "pct1ResTime" : 679.1000000000008,
    "pct2ResTime" : 780.8999999999996,
    "pct3ResTime" : 917.98,
    "throughput" : 61.0668376538121,
    "receivedKBytesPerSec" : 16.28051433544014,
    "sentKBytesPerSec" : 7.633354706726513
  }
}