{
  "HTTP Request GET_All" : {
    "transaction" : "HTTP Request GET_All",
    "sampleCount" : 5000,
    "errorCount" : 1516,
    "errorPct" : 30.32,
    "meanResTime" : 33517.35300000002,
    "medianResTime" : 31540.0,
    "minResTime" : 74.0,
    "maxResTime" : 71352.0,
    "pct1ResTime" : 65840.0,
    "pct2ResTime" : 67932.9,
    "pct3ResTime" : 69471.98,
    "throughput" : 60.0845991155547,
    "receivedKBytesPerSec" : 1108.1752208672312,
    "sentKBytesPerSec" : 5.192482890910402
  },
  "HTTP Request_POST" : {
    "transaction" : "HTTP Request_POST",
    "sampleCount" : 3724,
    "errorCount" : 23,
    "errorPct" : 0.61761546,
    "meanResTime" : 1237.0604189044016,
    "medianResTime" : 542.0,
    "minResTime" : 0.0,
    "maxResTime" : 27422.0,
    "pct1ResTime" : 2287.0,
    "pct2ResTime" : 4093.25,
    "pct3ResTime" : 20651.25,
    "throughput" : 55.391938122861816,
    "receivedKBytesPerSec" : 15.758868808567604,
    "sentKBytesPerSec" : 12.09590968038822
  },
  "Total" : {
    "transaction" : "Total",
    "sampleCount" : 20207,
    "errorCount" : 1948,
    "errorPct" : 9.6402235,
    "meanResTime" : 10164.255802444675,
    "medianResTime" : 1017.0,
    "minResTime" : 0.0,
    "maxResTime" : 71352.0,
    "pct1ResTime" : 32377.700000000004,
    "pct2ResTime" : 52849.850000000006,
    "pct3ResTime" : 68423.95000000001,
    "throughput" : 242.82589886560277,
    "receivedKBytesPerSec" : 1168.0951858341546,
    "sentKBytesPerSec" : 39.8688775671145
  },
  "HTTP_Delete_by_ID" : {
    "transaction" : "HTTP_Delete_by_ID",
    "sampleCount" : 3716,
    "errorCount" : 25,
    "errorPct" : 0.6727664,
    "meanResTime" : 744.3902045209892,
    "medianResTime" : 536.0,
    "minResTime" : 2.0,
    "maxResTime" : 21286.0,
    "pct1ResTime" : 1786.0,
    "pct2ResTime" : 2125.0,
    "pct3ResTime" : 3097.649999999996,
    "throughput" : 55.32396379228204,
    "receivedKBytesPerSec" : 15.998800349496783,
    "sentKBytesPerSec" : 11.660927985610707
  },
  "HTTP Request_PUT" : {
    "transaction" : "HTTP Request_PUT",
    "sampleCount" : 3718,
    "errorCount" : 24,
    "errorPct" : 0.64550835,
    "meanResTime" : 838.4768692845635,
    "medianResTime" : 449.0,
    "minResTime" : 1.0,
    "maxResTime" : 20923.0,
    "pct1ResTime" : 1806.1999999999998,
    "pct2ResTime" : 2781.0499999999997,
    "pct3ResTime" : 4306.069999999998,
    "throughput" : 55.31750282687616,
    "receivedKBytesPerSec" : 14.884877444689936,
    "sentKBytesPerSec" : 12.320071425117538
  },
  "HTTP Request GET_by_ID" : {
    "transaction" : "HTTP Request GET_by_ID",
    "sampleCount" : 4049,
    "errorCount" : 360,
    "errorPct" : 8.891085,
    "meanResTime" : 6745.351444801191,
    "medianResTime" : 2199.0,
    "minResTime" : 0.0,
    "maxResTime" : 41363.0,
    "pct1ResTime" : 20959.0,
    "pct2ResTime" : 30201.5,
    "pct3ResTime" : 33123.0,
    "throughput" : 60.094691066684476,
    "receivedKBytesPerSec" : 27.48387802959467,
    "sentKBytesPerSec" : 6.843952684150378
  }
}