{
  "HTTP Request GET_All" : {
    "transaction" : "HTTP Request GET_All",
    "sampleCount" : 1000,
    "errorCount" : 140,
    "errorPct" : 14.0,
    "meanResTime" : 9235.082999999997,
    "medianResTime" : 6987.5,
    "minResTime" : 140.0,
    "maxResTime" : 30229.0,
    "pct1ResTime" : 30133.0,
    "pct2ResTime" : 30148.0,
    "pct3ResTime" : 30198.0,
    "throughput" : 30.616618700630703,
    "receivedKBytesPerSec" : 656.6697227473823,
    "sentKBytesPerSec" : 3.2655733344559428
  },
  "HTTP Request_POST" : {
    "transaction" : "HTTP Request_POST",
    "sampleCount" : 860,
    "errorCount" : 0,
    "errorPct" : 0.0,
    "meanResTime" : 105.90465116279069,
    "medianResTime" : 14.0,
    "minResTime" : 4.0,
    "maxResTime" : 1062.0,
    "pct1ResTime" : 322.9,
    "pct2ResTime" : 648.0,
    "pct3ResTime" : 1040.78,
    "throughput" : 71.66069494208816,
    "receivedKBytesPerSec" : 19.594721273227233,
    "sentKBytesPerSec" : 15.74575816598617
  },
  "Total" : {
    "transaction" : "Total",
    "sampleCount" : 4440,
    "errorCount" : 140,
    "errorPct" : 3.1531532,
    "meanResTime" : 2159.8148648648644,
    "medianResTime" : 36.0,
    "minResTime" : 3.0,
    "maxResTime" : 30229.0,
    "pct1ResTime" : 7361.9,
    "pct2ResTime" : 9374.599999999999,
    "pct3ResTime" : 30149.0,
    "throughput" : 135.9377870308003,
    "receivedKBytesPerSec" : 685.468479712663,
    "sentKBytesPerSec" : 23.758974496356622
  },
  "HTTP_Delete_by_ID" : {
    "transaction" : "HTTP_Delete_by_ID",
    "sampleCount" : 860,
    "errorCount" : 0,
    "errorPct" : 0.0,
    "meanResTime" : 99.02558139534862,
    "medianResTime" : 12.0,
    "minResTime" : 3.0,
    "maxResTime" : 799.0,
    "pct1ResTime" : 350.0,
    "pct2ResTime" : 609.9499999999999,
    "pct3ResTime" : 678.56,
    "throughput" : 71.84628237259815,
    "receivedKBytesPerSec" : 20.557578842940686,
    "sentKBytesPerSec" : 15.155075187969924
  },
  "HTTP Request_PUT" : {
    "transaction" : "HTTP Request_PUT",
    "sampleCount" : 860,
    "errorCount" : 0,
    "errorPct" : 0.0,
    "meanResTime" : 81.2,
    "medianResTime" : 13.0,
    "minResTime" : 3.0,
    "maxResTime" : 926.0,
    "pct1ResTime" : 328.0,
    "pct2ResTime" : 346.94999999999993,
    "pct3ResTime" : 597.2899999999998,
    "throughput" : 71.73840507173841,
    "receivedKBytesPerSec" : 19.195627919586254,
    "sentKBytesPerSec" : 15.973004254254255
  },
  "HTTP Request GET_by_ID" : {
    "transaction" : "HTTP Request GET_by_ID",
    "sampleCount" : 860,
    "errorCount" : 0,
    "errorPct" : 0.0,
    "meanResTime" : 126.07325581395354,
    "medianResTime" : 20.0,
    "minResTime" : 4.0,
    "maxResTime" : 1032.0,
    "pct1ResTime" : 441.0,
    "pct2ResTime" : 813.8999999999999,
    "pct3ResTime" : 973.78,
    "throughput" : 71.55337382477742,
    "receivedKBytesPerSec" : 19.076241263832266,
    "sentKBytesPerSec" : 8.94417172809718
  }
}