{
  "HTTP Request GET_All" : {
    "transaction" : "HTTP Request GET_All",
    "sampleCount" : 60428,
    "errorCount" : 134,
    "errorPct" : 0.22175151,
    "meanResTime" : 2716.3739822598777,
    "medianResTime" : 27.0,
    "minResTime" : 3.0,
    "maxResTime" : 148533.0,
    "pct1ResTime" : 8543.900000000001,
    "pct2ResTime" : 9898.95,
    "pct3ResTime" : 11178.980000000003,
    "throughput" : 175.77827293512598,
    "receivedKBytesPerSec" : 3790.83850384355,
    "sentKBytesPerSec" : 21.75228243155387
  },
  "HTTP Request_POST" : {
    "transaction" : "HTTP Request_POST",
    "sampleCount" : 14915,
    "errorCount" : 0,
    "errorPct" : 0.0,
    "meanResTime" : 23.495005028494845,
    "medianResTime" : 20.0,
    "minResTime" : 3.0,
    "maxResTime" : 295.0,
    "pct1ResTime" : 35.0,
    "pct2ResTime" : 46.0,
    "pct3ResTime" : 81.0,
    "throughput" : 43.41194927365391,
    "receivedKBytesPerSec" : 11.658431307648536,
    "sentKBytesPerSec" : 9.411523776883246
  },
  "HTTP Request GET_by_My_ID" : {
    "transaction" : "HTTP Request GET_by_My_ID",
    "sampleCount" : 29809,
    "errorCount" : 0,
    "errorPct" : 0.0,
    "meanResTime" : 22.5765372873963,
    "medianResTime" : 19.0,
    "minResTime" : 3.0,
    "maxResTime" : 288.0,
    "pct1ResTime" : 31.0,
    "pct2ResTime" : 36.0,
    "pct3ResTime" : 53.0,
    "throughput" : 86.80269414782869,
    "receivedKBytesPerSec" : 23.15903504201234,
    "sentKBytesPerSec" : 11.019873280486065
  },
  "Total" : {
    "transaction" : "Total",
    "sampleCount" : 149881,
    "errorCount" : 134,
    "errorPct" : 0.08940426,
    "meanResTime" : 1108.9394853250253,
    "medianResTime" : 19.0,
    "minResTime" : 3.0,
    "maxResTime" : 148533.0,
    "pct1ResTime" : 414.70000000000437,
    "pct2ResTime" : 2654.0,
    "pct3ResTime" : 4848.0,
    "throughput" : 435.98701472479013,
    "receivedKBytesPerSec" : 3861.243659306332,
    "sentKBytesPerSec" : 66.43248112313613
  },
  "HTTP_Delete_by_ID" : {
    "transaction" : "HTTP_Delete_by_ID",
    "sampleCount" : 14898,
    "errorCount" : 0,
    "errorPct" : 0.0,
    "meanResTime" : 21.814941602899804,
    "medianResTime" : 18.0,
    "minResTime" : 3.0,
    "maxResTime" : 234.0,
    "pct1ResTime" : 32.0,
    "pct2ResTime" : 40.0,
    "pct3ResTime" : 83.0,
    "throughput" : 43.39366542196539,
    "receivedKBytesPerSec" : 12.416351531870955,
    "sentKBytesPerSec" : 9.153351299945824
  },
  "HTTP Request_PUT" : {
    "transaction" : "HTTP Request_PUT",
    "sampleCount" : 14910,
    "errorCount" : 0,
    "errorPct" : 0.0,
    "meanResTime" : 23.971696847753176,
    "medianResTime" : 19.0,
    "minResTime" : 3.0,
    "maxResTime" : 16917.0,
    "pct1ResTime" : 34.0,
    "pct2ResTime" : 43.0,
    "pct3ResTime" : 77.0,
    "throughput" : 43.416857155336835,
    "receivedKBytesPerSec" : 11.659800505583622,
    "sentKBytesPerSec" : 9.709433875558727
  },
  "HTTP Request GET_by_ID" : {
    "transaction" : "HTTP Request GET_by_ID",
    "sampleCount" : 14921,
    "errorCount" : 0,
    "errorPct" : 0.0,
    "meanResTime" : 23.99859258762817,
    "medianResTime" : 19.0,
    "minResTime" : 3.0,
    "maxResTime" : 291.0,
    "pct1ResTime" : 40.0,
    "pct2ResTime" : 52.0,
    "pct3ResTime" : 85.0,
    "throughput" : 43.42549476135041,
    "receivedKBytesPerSec" : 11.577304755711582,
    "sentKBytesPerSec" : 5.428186845168801
  }
}