{
  "HTTP Request GET_All" : {
    "transaction" : "HTTP Request GET_All",
    "sampleCount" : 20000,
    "errorCount" : 9002,
    "errorPct" : 45.01,
    "meanResTime" : 12289.59625000003,
    "medianResTime" : 280.0,
    "minResTime" : 0.0,
    "maxResTime" : 161699.0,
    "pct1ResTime" : 31940.0,
    "pct2ResTime" : 64181.65000000001,
    "pct3ResTime" : 145803.99,
    "throughput" : 92.82508505098417,
    "receivedKBytesPerSec" : 689.147142154946,
    "sentKBytesPerSec" : 6.330716125225681
  },
  "HTTP Request_POST" : {
    "transaction" : "HTTP Request_POST",
    "sampleCount" : 20000,
    "errorCount" : 7858,
    "errorPct" : 39.29,
    "meanResTime" : 2436.3006499999874,
    "medianResTime" : 213.0,
    "minResTime" : 0.0,
    "maxResTime" : 67114.0,
    "pct1ResTime" : 5050.0,
    "pct2ResTime" : 22390.700000000033,
    "pct3ResTime" : 31768.68000000005,
    "throughput" : 93.05052178080088,
    "receivedKBytesPerSec" : 107.90413840741705,
    "sentKBytesPerSec" : 12.412567039993114
  },
  "Total" : {
    "transaction" : "Total",
    "sampleCount" : 100000,
    "errorCount" : 41149,
    "errorPct" : 41.149,
    "meanResTime" : 4595.640540000014,
    "medianResTime" : 40.0,
    "minResTime" : 0.0,
    "maxResTime" : 161699.0,
    "pct1ResTime" : 2459.800000000003,
    "pct2ResTime" : 30265.850000000002,
    "pct3ResTime" : 146084.0,
    "throughput" : 464.10388501362144,
    "receivedKBytesPerSec" : 1114.7165773774302,
    "sentKBytesPerSec" : 51.171967458195844
  },
  "HTTP_Delete_by_ID" : {
    "transaction" : "HTTP_Delete_by_ID",
    "sampleCount" : 20000,
    "errorCount" : 7997,
    "errorPct" : 39.985,
    "meanResTime" : 1612.8040500000052,
    "medianResTime" : 175.0,
    "minResTime" : 0.0,
    "maxResTime" : 67117.0,
    "pct1ResTime" : 1456.800000000003,
    "pct2ResTime" : 5026.9000000000015,
    "pct3ResTime" : 31738.94000000001,
    "throughput" : 93.19143384340111,
    "receivedKBytesPerSec" : 101.9655802535506,
    "sentKBytesPerSec" : 12.715780032686895
  },
  "HTTP Request_PUT" : {
    "transaction" : "HTTP Request_PUT",
    "sampleCount" : 20000,
    "errorCount" : 8048,
    "errorPct" : 40.24,
    "meanResTime" : 2127.1465499999895,
    "medianResTime" : 182.0,
    "minResTime" : 0.0,
    "maxResTime" : 67116.0,
    "pct1ResTime" : 1766.9000000000015,
    "pct2ResTime" : 15033.95,
    "pct3ResTime" : 33380.83000000003,
    "throughput" : 93.13718641873547,
    "receivedKBytesPerSec" : 104.5393563914812,
    "sentKBytesPerSec" : 13.018641335098284
  },
  "HTTP Request GET_by_ID" : {
    "transaction" : "HTTP Request GET_by_ID",
    "sampleCount" : 20000,
    "errorCount" : 8244,
    "errorPct" : 41.22,
    "meanResTime" : 4512.3552000000145,
    "medianResTime" : 249.0,
    "minResTime" : 0.0,
    "maxResTime" : 161458.0,
    "pct1ResTime" : 26946.0,
    "pct2ResTime" : 30526.95,
    "pct3ResTime" : 34581.780000000035,
    "throughput" : 92.9843321400344,
    "receivedKBytesPerSec" : 112.41719944993956,
    "sentKBytesPerSec" : 6.832023803989028
  }
}