{
  "HTTP Request GET_All" : {
    "transaction" : "HTTP Request GET_All",
    "sampleCount" : 10000,
    "errorCount" : 6453,
    "errorPct" : 64.53,
    "meanResTime" : 41919.160800000005,
    "medianResTime" : 13319.5,
    "minResTime" : 1.0,
    "maxResTime" : 163189.0,
    "pct1ResTime" : 134506.0,
    "pct2ResTime" : 154590.69999999998,
    "pct3ResTime" : 158577.99,
    "throughput" : 56.21799088144188,
    "receivedKBytesPerSec" : 912.8795010846559,
    "sentKBytesPerSec" : 2.4730920053097893
  },
  "HTTP Request_POST" : {
    "transaction" : "HTTP Request_POST",
    "sampleCount" : 7840,
    "errorCount" : 4699,
    "errorPct" : 59.936226,
    "meanResTime" : 22699.773086734636,
    "medianResTime" : 579.5,
    "minResTime" : 0.0,
    "maxResTime" : 160884.0,
    "pct1ResTime" : 110543.0,
    "pct2ResTime" : 121233.0,
    "pct3ResTime" : 128656.77,
    "throughput" : 34.85776785793681,
    "receivedKBytesPerSec" : 57.27389222241613,
    "sentKBytesPerSec" : 3.0685556826720437
  },
  "Total" : {
    "transaction" : "Total",
    "sampleCount" : 40627,
    "errorCount" : 25967,
    "errorPct" : 63.915623,
    "meanResTime" : 25259.799172963783,
    "medianResTime" : 40002.5,
    "minResTime" : 0.0,
    "maxResTime" : 163189.0,
    "pct1ResTime" : 125968.0,
    "pct2ResTime" : 136236.55000000002,
    "pct3ResTime" : 157779.95,
    "throughput" : 179.22622198694194,
    "receivedKBytesPerSec" : 946.4015558827422,
    "sentKBytesPerSec" : 10.989998635190577
  },
  "HTTP_Delete_by_ID" : {
    "transaction" : "HTTP_Delete_by_ID",
    "sampleCount" : 6204,
    "errorCount" : 4751,
    "errorPct" : 76.57963,
    "meanResTime" : 4475.155867182462,
    "medianResTime" : 396.0,
    "minResTime" : 0.0,
    "maxResTime" : 128858.0,
    "pct1ResTime" : 5993.0,
    "pct2ResTime" : 7809.5,
    "pct3ResTime" : 117167.95,
    "throughput" : 27.776036676546173,
    "receivedKBytesPerSec" : 55.0118111954799,
    "sentKBytesPerSec" : 1.5094181762014345
  },
  "HTTP Request_PUT" : {
    "transaction" : "HTTP Request_PUT",
    "sampleCount" : 6583,
    "errorCount" : 4805,
    "errorPct" : 72.991035,
    "meanResTime" : 6914.755734467568,
    "medianResTime" : 389.0,
    "minResTime" : 0.0,
    "maxResTime" : 129298.0,
    "pct1ResTime" : 5242.6,
    "pct2ResTime" : 49673.0,
    "pct3ResTime" : 118787.2,
    "throughput" : 29.3554989721339,
    "receivedKBytesPerSec" : 55.57135806389938,
    "sentKBytesPerSec" : 1.9236257586365277
  },
  "HTTP Request GET_by_ID" : {
    "transaction" : "HTTP Request GET_by_ID",
    "sampleCount" : 10000,
    "errorCount" : 5259,
    "errorPct" : 52.59,
    "meanResTime" : 35578.83279999991,
    "medianResTime" : 876.0,
    "minResTime" : 0.0,
    "maxResTime" : 160873.0,
    "pct1ResTime" : 110115.2,
    "pct2ResTime" : 126033.29999999999,
    "pct3ResTime" : 129374.98,
    "throughput" : 44.587520844665995,
    "receivedKBytesPerSec" : 64.72882305247283,
    "sentKBytesPerSec" : 2.6423679540570184
  }
}