{
  "HTTP Request GET_All" : {
    "transaction" : "HTTP Request GET_All",
    "sampleCount" : 7942,
    "errorCount" : 0,
    "errorPct" : 0.0,
    "meanResTime" : 4498.7812893477685,
    "medianResTime" : 50.0,
    "minResTime" : 4.0,
    "maxResTime" : 56751.0,
    "pct1ResTime" : 14683.199999999995,
    "pct2ResTime" : 24303.55,
    "pct3ResTime" : 32552.71,
    "throughput" : 114.252010415318,
    "receivedKBytesPerSec" : 2541.6423625347056,
    "sentKBytesPerSec" : 14.16992707299354
  },
  "HTTP Request_POST" : {
    "transaction" : "HTTP Request_POST",
    "sampleCount" : 1744,
    "errorCount" : 0,
    "errorPct" : 0.0,
    "meanResTime" : 41.00401376146784,
    "medianResTime" : 24.0,
    "minResTime" : 9.0,
    "maxResTime" : 368.0,
    "pct1ResTime" : 82.0,
    "pct2ResTime" : 151.5,
    "pct3ResTime" : 254.19999999999982,
    "throughput" : 39.67513706576882,
    "receivedKBytesPerSec" : 10.655432795117957,
    "sentKBytesPerSec" : 8.601934489956093
  },
  "HTTP Request GET_by_My_ID" : {
    "transaction" : "HTTP Request GET_by_My_ID",
    "sampleCount" : 3472,
    "errorCount" : 0,
    "errorPct" : 0.0,
    "meanResTime" : 39.77246543778809,
    "medianResTime" : 23.0,
    "minResTime" : 2.0,
    "maxResTime" : 389.0,
    "pct1ResTime" : 83.0,
    "pct2ResTime" : 146.3499999999999,
    "pct3ResTime" : 232.0,
    "throughput" : 79.3890337037545,
    "receivedKBytesPerSec" : 21.19377765297023,
    "sentKBytesPerSec" : 10.07868591942196
  },
  "Total" : {
    "transaction" : "Total",
    "sampleCount" : 18372,
    "errorCount" : 0,
    "errorPct" : 0.0,
    "meanResTime" : 1968.131177879376,
    "medianResTime" : 29.0,
    "minResTime" : 2.0,
    "maxResTime" : 56751.0,
    "pct1ResTime" : 8599.100000000002,
    "pct2ResTime" : 13830.0,
    "pct3ResTime" : 32175.620000000003,
    "throughput" : 264.2958871002546,
    "receivedKBytesPerSec" : 2582.2472898504593,
    "sentKBytesPerSec" : 39.933472987966276
  },
  "HTTP_Delete_by_ID" : {
    "transaction" : "HTTP_Delete_by_ID",
    "sampleCount" : 1733,
    "errorCount" : 0,
    "errorPct" : 0.0,
    "meanResTime" : 42.5187536064628,
    "medianResTime" : 22.0,
    "minResTime" : 6.0,
    "maxResTime" : 470.0,
    "pct1ResTime" : 83.0,
    "pct2ResTime" : 147.29999999999995,
    "pct3ResTime" : 399.0,
    "throughput" : 39.77690047741462,
    "receivedKBytesPerSec" : 11.381476406135237,
    "sentKBytesPerSec" : 8.390439944454647
  },
  "HTTP Request_PUT" : {
    "transaction" : "HTTP Request_PUT",
    "sampleCount" : 1737,
    "errorCount" : 0,
    "errorPct" : 0.0,
    "meanResTime" : 40.8198042602188,
    "medianResTime" : 23.0,
    "minResTime" : 5.0,
    "maxResTime" : 369.0,
    "pct1ResTime" : 81.0,
    "pct2ResTime" : 144.099999999999,
    "pct3ResTime" : 231.6199999999999,
    "throughput" : 39.7073951308721,
    "receivedKBytesPerSec" : 10.663607090810379,
    "sentKBytesPerSec" : 8.879876450165733
  },
  "HTTP Request GET_by_ID" : {
    "transaction" : "HTTP Request GET_by_ID",
    "sampleCount" : 1744,
    "errorCount" : 0,
    "errorPct" : 0.0,
    "meanResTime" : 43.00172018348624,
    "medianResTime" : 24.0,
    "minResTime" : 5.0,
    "maxResTime" : 646.0,
    "pct1ResTime" : 80.5,
    "pct2ResTime" : 142.0,
    "pct3ResTime" : 311.54999999999995,
    "throughput" : 39.62015539097642,
    "receivedKBytesPerSec" : 10.562795333727111,
    "sentKBytesPerSec" : 4.952519423872053
  }
}